24,83,123,84,120,
24,83,123,21,120,
24,83,123,84,21,
24,83,123,112,120,
24,83,123,112,21,
24,83,123,84,112,
24,83,123,91,120,
24,83,123,107,120,
24,83,123,21,107,
24,83,123,115,120,
24,83,123,86,120,
24,83,123,84,107,
24,83,123,84,86,
24,83,123,115,21,
24,83,123,84,115,
24,83,123,31,120,
24,83,123,91,21,
24,83,123,116,120,
24,83,123,86,21,
24,83,123,96,21,
24,83,123,78,120,
24,83,123,21,78,
24,83,123,84,91,
24,83,123,115,107,
24,83,123,84,31,
24,83,123,96,120,
24,83,123,112,107,
24,83,123,21,116,
24,83,123,84,21,120
24,83,123,21,31,
24,83,123,67,120,
24,83,123,115,91,
24,83,123,84,116,
24,83,123,121,120,
24,83,123,108,21,
24,83,123,84,78,
24,83,123,84,121,
24,83,123,112,86,
24,83,123,84,96,
24,83,123,67,107,
24,83,123,107,78,
24,83,123,37,120,
24,83,123,112,91,
24,83,123,91,107,
24,83,123,21,67,
24,83,123,3,120,
24,83,123,96,112,
24,83,123,84,53,
24,83,123,91,116,
24,83,123,108,120,
24,83,123,112,115,
24,83,123,115,31,
24,83,123,31,107,
24,83,123,21,37,
24,83,123,21,106,
24,83,123,108,84,
24,83,123,84,37,
24,83,123,120,53,
24,83,123,91,86,
24,83,123,91,31,
24,83,123,21,121,
24,83,123,98,120,
24,83,123,131,21,
24,83,123,21,16,
24,83,123,16,120,
24,83,123,112,31,
24,83,123,88,120,
24,83,123,115,86,
24,83,123,112,78,
24,83,123,84,67,
24,83,123,21,53,
24,83,123,69,21,
24,83,123,106,120,
24,83,123,117,120,
24,83,123,21,81,
24,83,123,96,107,
24,83,123,37,107,
24,83,123,86,107,
24,83,123,84,36,
24,83,123,84,106,
24,83,123,84,112,120
24,83,123,69,120,
24,83,123,84,98,
24,83,123,21,9,
24,83,123,115,78,
24,83,123,93,120,
24,83,123,112,21,120
24,83,123,112,116,
24,83,123,21,3,
24,83,123,21,59,
24,83,123,21,98,
24,83,123,36,21,
24,83,123,131,120,
24,83,123,107,3,
24,83,123,84,3,
24,83,123,38,120,
24,83,123,52,120,
24,83,123,84,16,
24,83,123,36,120,
